,week_start,region,avg_temp,google_trend_score,marketing_spend,store_visits,holiday_flag,sales,quarter
0,02-01-2022,North,16.148358575852352,77.73149608675611,59.47721667489647,171.28794322734367,0,524.6980941846332,2022Q1
1,09-01-2022,North,13.498203299762471,56.721544814626085,42.96159719311022,129.71380989921502,0,478.0797021561399,2022Q1
2,16-01-2022,North,20.15555278628388,63.58310629594982,41.75680843851102,138.38078230910685,1,506.28491756043167,2022Q1
3,23-01-2022,North,18.85293018453661,47.85505460268098,83.28566803136937,140.2178332452034,1,512.2707210246035,2022Q1
4,30-01-2022,North,16.324140042089937,98.69156907,14.112839405835839,168.9597065897888,0,517.4032326,2022Q1
5,06-02-2022,North,14.55132595036374,84.23264286578524,87.29765918809208,154.05328915035793,0,531.8895039829364,2022Q1
6,13-02-2022,North,23.962789787467287,59.433198244351146,29.07244051,130.2343374432612,0,472.5988151289452,2022Q1
7,20-02-2022,North,12.692725142356155,72.59040559788268,63.96908283276565,160.27691249287594,0,479.9309324118789,2022Q1
8,27-02-2022,North,21.844402281611472,94.62656674021113,67.44616466190931,162.09136837694965,0,540.2185769858035,2022Q1
9,06-03-2022,North,12.664905781927303,41.86484841690225,31.518917478806145,136.7807843293899,0,447.7318534589416,2022Q1
10,13-03-2022,North,24.889081814476732,72.60403095497207,72.5958527,154.43801845614004,1,535.3032074983089,2022Q1
11,20-03-2022,North,19.216085256451407,92.03411928148589,37.231451483459786,167.7134308700426,0,564.1994491032326,2022Q1
12,27-03-2022,North,5.689038847260596,86.04221329295396,41.25183192273954,163.03459584583396,0,489.5357268019871,2022Q1
13,03-04-2022,North,13.241096296735176,72.25733617165892,57.731574973072114,187.17790638962572,0,505.06122018210414,2022Q2
14,10-04-2022,North,22.08355313955843,54.57826344118693,31.555159480669378,136.45521839120485,1,528.9512347015487,2022Q2
15,17-04-2022,North,25.766131538825988,74.39588868468358,77.64202584847945,143.57151925182768,0,539.1509844925358,2022Q2
16,24-04-2022,North,17.096647559161735,49.01888677591214,52.46855160062778,146.26494199192294,0,502.23933734725284,2022Q2
17,01-05-2022,North,18.209647541287403,82.74881806093524,32.62807574150992,134.84544986035348,0,502.43949643076724,2022Q2
18,08-05-2022,North,33.6158093,67.69995313725789,40.09009415083896,129.6076830719543,0,526.6632464010572,2022Q2
19,15-05-2022,North,9.790381553092697,60.0589253,54.55565134687869,128.25033767220356,0,457.57280860720397,2022Q2
20,22-05-2022,North,14.691710156372306,76.86123473078715,55.343665566388616,154.67288550434222,0,530.0589017698812,2022Q2
21,29-05-2022,North,10.014647806921133,75.07033988312712,95.17207140638129,186.0451056817218,0,494.57572131099175,2022Q2
22,05-06-2022,North,18.49972861720665,59.66208684303632,69.20389400375502,134.38578181694476,0,502.5018746063454,2022Q2
23,12-06-2022,North,21.518557083136397,77.68635598557405,64.41582269527407,152.14783448206487,0,516.1471141374086,2022Q2
24,19-06-2022,North,17.084805455140376,82.86254877382169,66.75572224,140.51034257506421,1,514.0218734509392,2022Q2
25,26-06-2022,North,18.110463616470163,67.84806655553966,63.54544231685583,165.36723222823966,0,523.3418302746873,2022Q2
26,03-07-2022,North,14.13693026,80.15779098373149,87.44638234641441,163.51378106211527,0,500.86988511706625,2022Q3
27,10-07-2022,North,20.832849443271897,85.00728411643158,51.84305044263196,143.8512934631663,0,517.2837221343617,2022Q3
28,17-07-2022,North,20.7609826,71.58645470541641,66.02017767138585,145.59642605374495,1,541.9663447,2022Q3
29,24-07-2022,North,32.520157001278235,78.50341106,43.16394244633655,145.73962999955756,0,514.0427026467744,2022Q3
30,31-07-2022,North,19.96600138744279,64.25015040601144,36.10223107552728,122.65806110316946,0,481.0594048796719,2022Q3
31,07-08-2022,North,27.734497529151042,79.51360444396434,105.54125682025364,141.0865011746612,0,571.8258124066042,2022Q3
32,14-08-2022,North,19.91989587,76.20031131435468,40.55080232824505,159.29274401312816,0,544.9980510694618,2022Q3
33,21-08-2022,North,28.204202326630803,64.40321215524456,52.586833801185335,184.4780435352069,0,555.6824466395444,2022Q3
34,28-08-2022,North,7.517242564841334,66.35298309389476,48.31462906838076,150.43804688571151,1,491.4394667794961,2022Q3
35,04-09-2022,North,6.390392843752803,75.04598145679378,42.15803596177123,142.6927432671908,0,468.0728858928131,2022Q3
36,11-09-2022,North,19.221572001328116,43.763958487425796,13.821767614222566,100.32091345240516,1,473.50955806792405,2022Q3
37,18-09-2022,North,12.438593909716602,50.41453668938364,25.275344964386022,114.8798392917667,1,441.9243400458301,2022Q3
38,25-09-2022,North,22.93047628420821,59.07731126,4.035151878888254,137.3614421680244,0,507.79650447540297,2022Q3
39,02-10-2022,North,9.948694264381777,52.25101567818371,49.89991308,133.6258462375552,0,455.12216474963236,2022Q4
40,09-10-2022,North,9.076100492939117,100,16.070276504416196,171.23476196414862,0,503.4753412143649,2022Q4
41,16-10-2022,North,24.16950556263025,40.126933202028795,48.81109916241952,121.7064048088988,1,508.75894046907314,2022Q4
42,23-10-2022,North,28.472790431956472,67.73146051761657,33.159406391336454,121.12936984003282,0,520.5081294199632,2022Q4
43,30-10-2022,North,16.59647899972813,93.89472691389197,32.466607763266865,142.4503019900417,0,509.1961981448368,2022Q4
44,06-11-2022,North,32.46903753918457,59.83876498427865,10.793587744581588,126.93116407949417,0,513.2334839641247,2022Q4
45,13-11-2022,North,35.71364624207395,58.185971344616924,80.98738076119457,127.53686430537931,0,522.9070412139764,2022Q4
46,20-11-2022,North,15.239969661174403,66.04891233,37.755675910775636,131.51595255318435,1,503.1301036228407,2022Q4
47,27-11-2022,North,24.19927643597704,62.78127799264741,2.4434724519871835,125.57862151730839,1,505.4332658606517,2022Q4
48,04-12-2022,North,17.729231867028204,77.86913500945764,109.09343504102169,162.01570732805197,0,549.7354133013476,2022Q4
49,11-12-2022,North,21.037272119654045,87.58653673588364,57.08195134878123,166.4462437921629,0,572.6631054836873,2022Q4
50,18-12-2022,North,23.36852409899689,77.00585759093332,70.34719172979358,159.2757193130364,0,534.4176531354433,2022Q4
51,25-12-2022,North,13.923410422168587,61.82443576979363,23.446987167200064,137.25610899783814,0,472.4415497436711,2022Q4
52,01-01-2023,North,11.91138862937361,93.55165933058281,27.500965243342865,171.5048284,0,545.8473984209627,2023Q1
53,08-01-2023,North,19.719404038388976,77.94153267480704,47.52753204799282,147.12509324929897,1,518.7440436955455,2023Q1
54,15-01-2023,North,4.482672618619635,90.84349507922445,89.80163459918593,188.70232994498315,0,513.8980275316903,2023Q1
55,22-01-2023,North,16.16593562,85.65513468053125,58.12561963419616,131.44171448662092,0,517.6265017859081,2023Q1
56,29-01-2023,North,13.961694149041163,81.85890984136219,67.30428046809192,120.57793082153525,0,476.6774756424535,2023Q1
57,05-02-2023,North,14.100854324591545,75.88062834598894,53.19014251543788,145.5752692,0,534.1225579952702,2023Q1
58,12-02-2023,North,27.864792471840616,100,49.77944921779503,163.69560796788835,1,604.5810148029882,2023Q1
59,19-02-2023,North,22.832080265822675,71.35108880472492,59.13971619772059,143.62722160464503,0,544.8848723050016,2023Q1
60,26-02-2023,North,26.20341376290563,66.49445231028993,59.11684980891791,127.42868394709248,0,541.165587,2023Q1
61,05-03-2023,North,21.662396761353577,65.23946822094035,68.02338618777168,149.0175965064439,0,536.4874360751804,2023Q1
62,12-03-2023,North,18.852943155759224,97.91167081178749,88.91520472330342,153.54685874685308,0,539.4711499769187,2023Q1
63,19-03-2023,North,6.869549530052399,61.386978267884814,29.869931665083534,160.51984125212186,0,478.01376064677214,2023Q1
64,26-03-2023,North,23.88284956,80.99760047116528,37.842652970037875,159.49090844905416,0,526.8408731124518,2023Q1
65,02-04-2023,North,19.68325263382476,31.534870278089592,82.85451766587664,103.88713036947628,0,482.06397449588417,2023Q2
66,09-04-2023,North,25.905018159462408,54.00517782640047,45.89081989042853,121.67408707227145,1,499.0649412723523,2023Q2
67,16-04-2023,North,30.680809700755816,75.50364125645461,63.89935542690769,137.39826489312944,0,544.7066979736937,2023Q2
68,23-04-2023,North,23.23907019548783,54.38724770080156,32.30115132865421,125.27754857464022,0,477.67197430048236,2023Q2
69,30-04-2023,North,14.601561768928002,62.57659858652079,57.864969200868146,133.18145999547173,0,465.8070197985825,2023Q2
70,07-05-2023,North,15.475903504894758,63.94667564729634,91.92353795104898,124.40331575749529,1,485.88780878393635,2023Q2
71,14-05-2023,North,21.32709444112412,90.99394972,48.536546996548246,160.31351302753055,0,543.2874943813271,2023Q2
72,21-05-2023,North,15.689499086626022,91.54275202116649,61.80456482261229,176.6200021511495,0,544.2909231692823,2023Q2
73,28-05-2023,North,33.38070725,74.79306368303072,59.546208704299275,173.2479177408997,0,565.1959598546392,2023Q2
74,04-06-2023,North,10.544946329409456,60.441467018861836,41.51665269106134,126.83786060892504,0,472.8595381376961,2023Q2
75,11-06-2023,North,18.194684848195198,20,48.18078763,111.86747368920251,1,471.36440814310015,2023Q2
76,18-06-2023,North,22.89598959966452,90.13132756458873,0.217396449,135.28286381477082,0,537.7440278753027,2023Q2
77,25-06-2023,North,23.676481988836635,73.50198694720365,67.25841191470182,151.01373897044948,0,541.1206959250703,2023Q2
78,02-07-2023,North,13.919926440666103,71.74616470181135,57.20338004271031,173.09274896965303,0,510.9154738925076,2023Q3
79,09-07-2023,North,23.74366503056887,98.58860855390492,53.346679616056605,157.0435862720016,1,582.9227736188045,2023Q3
80,16-07-2023,North,20.896287479909223,62.77992476080412,24.645745234009603,127.28526838397134,0,503.2255716847587,2023Q3
81,23-07-2023,North,5.562320282617755,100,24.41685512993943,179.06026251176442,0,493.3478154209375,2023Q3
82,30-07-2023,North,14.732873097711918,95.10622239087074,46.226821641247795,172.90370570516623,1,517.1185247535349,2023Q3
83,06-08-2023,North,23.528748017833742,62.45143771501378,65.22560839284066,140.73294341381487,0,521.3300898148468,2023Q3
84,13-08-2023,North,4.979002681050407,77.69411876187243,18.998980591860338,125.24198012026869,0,486.8767817952652,2023Q3
85,20-08-2023,North,18.619448304025333,51.609204937028466,43.348197860796645,137.14616842708952,0,491.25778433123935,2023Q3
86,27-08-2023,North,19.753621430762614,70.84838424383751,45.61196895371642,168.50327675047419,0,531.8780853048154,2023Q3
87,03-09-2023,North,14.508416743306883,77.07740486899594,54.16674087687399,131.82552410249642,0,474.46358461361285,2023Q3
88,10-09-2023,North,14.60239421646892,78.64261899206652,64.44183319884081,155.55971851624673,0,492.4260983450955,2023Q3
89,17-09-2023,North,21.44682624100754,64.75324358564721,-1.923408597,152.13842234498674,0,484.02040616209814,2023Q3
90,24-09-2023,North,30.939694963456773,78.33460359450302,81.76245586985074,176.3833454140008,0,551.7228638699825,2023Q3
91,01-10-2023,North,12.04894151744927,73.38995911141045,56.79494875795427,147.88555765660152,0,473.2701447614624,2023Q4
92,08-10-2023,North,15.680367141991875,51.11736937671707,63.84893141206358,137.70884451205967,0,499.9063616741729,2023Q4
93,15-10-2023,North,21.016428421998206,96.92746834958444,38.80042889511603,164.71892191160077,0,559.0681222115763,2023Q4
94,22-10-2023,North,28.693794186068992,68.71355246150749,22.455978570176796,148.42732669235377,0,561.7073864163569,2023Q4
95,29-10-2023,North,21.861686885481028,66.79791044638999,43.91559899123674,153.6458580005777,0,521.1829701833605,2023Q4
96,05-11-2023,North,7.892939348935981,88.62570939478516,83.11104137609102,131.76097361704953,0,506.79242579698285,2023Q4
97,12-11-2023,North,12.91167350360878,100,30.426602955654744,152.88721368755347,1,523.6996093272603,2023Q4
98,19-11-2023,North,16.081806176902095,92.57537671991231,33.200654319716996,134.30021147331655,1,525.1055734922928,2023Q4
99,26-11-2023,North,23.481042444815426,81.44270936197181,57.07868651310775,145.5006064,0,544.3518565313102,2023Q4
100,03-12-2023,North,25.19655441381383,73.65184766049832,61.757683069287424,123.56830310969266,0,553.4082676501366,2023Q4
101,10-12-2023,North,17.21138626876136,73.75285738371464,62.56865712009701,114.49488441338005,0,521.3165323276928,2023Q4
102,17-12-2023,North,11.526491886514421,45.79884016673812,32.664685578319165,130.25614667881675,0,423.81010795184295,2023Q4
103,24-12-2023,North,30.027373422167543,88.22083089529822,31.177360307681546,137.11770408352447,1,563.0956791694459,2023Q4
104,31-12-2023,North,31.94077402,69.51504623612328,66.56306980780211,163.21856149536697,0,548.0860458282763,2023Q4
105,07-01-2024,North,17.022751360867087,69.22361522942049,88.02422820129739,146.12253231412294,0,521.8236156896986,2024Q1
106,14-01-2024,North,14.544016628857268,37.052280987519865,53.49627417124782,166.81073347263907,0,446.1341550435164,2024Q1
107,21-01-2024,North,17.30123232022462,89.95657844903624,93.53239299542143,174.45624604737765,1,579.6707169554026,2024Q1
108,28-01-2024,North,19.21619235583768,74.89635047606072,46.508347042996064,124.9667839945661,0,517.4303383550784,2024Q1
109,04-02-2024,North,21.488590336681135,83.01773554994773,36.95036711737682,135.76606579627122,1,529.9172556262239,2024Q1
110,11-02-2024,North,28.43479453110524,80.08637528342639,44.03379366999231,146.09790907176472,0,538.2212931912746,2024Q1
111,18-02-2024,North,16.53227529948127,76.28259121,49.69934364716116,129.55699843038468,0,485.8208638017249,2024Q1
112,25-02-2024,North,8.916152952723417,91.23224203766273,42.299779485784825,163.9877053918204,0,492.6894183300006,2024Q1
113,03-03-2024,North,21.722725776031275,85.77675201,53.90720523933001,152.68765674412333,0,550.4168292923873,2024Q1
114,10-03-2024,North,21.12947258115232,81.63208858733371,68.78392453081096,131.62636465223693,0,516.3678970561245,2024Q1
115,17-03-2024,North,26.34121328043352,59.91298225944227,46.60722283044188,145.95891806198563,0,526.1288298612227,2024Q1
116,24-03-2024,North,27.751267273705302,72.63934985831867,33.13451877710472,145.17993209936364,0,522.8326336758892,2024Q1
117,31-03-2024,North,8.716271742449408,90.24556940966042,53.407653163871835,149.0839082406011,0,469.0480497,2024Q1
118,07-04-2024,North,27.60273868738759,64.08126522645108,26.912374352009312,147.93724140531856,0,564.5632771813952,2024Q2
119,14-04-2024,North,33.648128169208604,61.543503368154475,-11.65468781,123.09283277232868,0,501.9148721610028,2024Q2
120,21-04-2024,North,20.76812847431455,67.24095766886532,69.62607069846638,143.13019305885135,0,538.8831194901206,2024Q2
121,28-04-2024,North,4.779735051393471,58.44216683748846,46.37397438372123,177.06646369082023,0,477.77344328820254,2024Q2
122,05-05-2024,North,26.739534832454854,72.58837644451539,92.56299418803104,161.42130978778295,1,563.9638664007045,2024Q2
123,12-05-2024,North,20.430980344378156,44.60100737935316,39.47444977796814,133.65955299109268,0,476.90622126166073,2024Q2
124,19-05-2024,North,22.312233477698314,83.05014861346112,67.1789009,158.88991865258447,0,560.0519813535283,2024Q2
125,26-05-2024,North,16.447938998644123,65.06003502520296,53.744126719443344,136.14588469402491,0,512.8233295548924,2024Q2
126,02-06-2024,North,26.648012564171562,64.58518781116152,47.54658517,145.66400945782127,0,530.4098222782437,2024Q2
127,09-06-2024,North,22.33550472015418,69.03560969334254,26.691917700299676,165.37762703962377,0,526.2468829879645,2024Q2
128,16-06-2024,North,10.491565964996937,62.95841629885681,32.37881348400868,165.7644515059083,0,490.8969054149804,2024Q2
129,23-06-2024,North,24.359598820247452,84.25267719292852,61.996814930556084,174.7268912621904,0,560.3453257205542,2024Q2
130,30-06-2024,North,18.959125031214455,59.81137124929841,86.21900532663886,146.83675527999992,0,509.6473178528969,2024Q2
131,07-07-2024,North,15.476534467239006,83.67064293706845,30.46371670193798,158.60240456598416,0,493.815268,2024Q3
132,14-07-2024,North,28.303247276268845,73.85707195140957,75.68479418,144.63288476488054,0,556.5911874839993,2024Q3
133,21-07-2024,North,19.171214696176396,66.62491144944437,70.60579453817988,150.89092285141072,0,525.9254040031055,2024Q3
134,28-07-2024,North,19.10612905,78.32717933066682,10.25703146805764,139.35658627783656,0,508.98890424020647,2024Q3
135,04-08-2024,North,18.035687886846297,75.61877664176467,23.342785851054924,110.68758497051368,0,483.68573360992076,2024Q3
136,11-08-2024,North,31.584848630156095,59.435813041151604,24.474959666863448,169.15657691979519,0,532.0980966522125,2024Q3
137,18-08-2024,North,15.38771104616658,79.95605820832031,62.717721726861356,139.49246561054838,1,516.3610320349121,2024Q3
138,25-08-2024,North,24.84134476665607,89.29222682659665,57.866224915739544,170.17315858574932,0,580.7269401144408,2024Q3
139,01-09-2024,North,27.200498412121462,72.17406122171771,33.49577939430607,144.33835296941783,1,530.5425542263887,2024Q3
140,08-09-2024,North,11.24302568312707,100,25.99103519756833,149.77629616812223,0,505.52283888413376,2024Q3
141,15-09-2024,North,18.921742988232875,90.35285161328332,33.10183634524144,172.14629380844178,0,496.3638506853991,2024Q3
142,22-09-2024,North,11.081517105326734,91.21060691504152,22.957416270768032,191.32496181572313,1,487.8226810382355,2024Q3
143,29-09-2024,North,29.087243954842872,91.66259617823452,1.9097585626965738,148.8445659311583,0,568.4158861631671,2024Q3
144,06-10-2024,North,21.017073678187277,95.70360986233308,60.27565124352836,156.96301719072787,0,552.0207347693582,2024Q4
145,13-10-2024,North,19.860828727977946,79.61355774113855,36.85231440430432,146.8130826,0,511.407208,2024Q4
146,20-10-2024,North,15.256036960624686,47.18132688117032,35.32349100269179,120.68733769649033,0,438.5336549807107,2024Q4
147,27-10-2024,North,17.90182996373558,76.81845223449483,56.02620515645112,125.74474971039903,1,521.3899603471297,2024Q4
148,03-11-2024,North,13.325785803196691,65.87314020479388,53.031738820514846,120.55500773774008,1,489.5153311705681,2024Q4
149,10-11-2024,North,26.496684436313355,68.54350648895016,43.60127024737372,160.06456839601688,0,534.4637244083734,2024Q4
150,17-11-2024,North,19.102519317334224,62.48290049082145,52.740043285022495,149.41230556479715,0,511.27022306564686,2024Q4
151,24-11-2024,North,9.501141621,79.47169440300907,93.39619601560263,160.04511887063532,0,486.4906840369175,2024Q4
152,01-12-2024,North,35.64972280889132,60.01092275806906,0.4394242996855944,116.91777843257988,0,482.58086960695096,2024Q4
153,08-12-2024,North,19.783345464476458,77.60101993730257,42.43969216282897,133.69791148368296,0,527.6344700044036,2024Q4
154,15-12-2024,North,20.31914515129035,60.53511805189079,65.75673872546953,143.9573250175548,0,521.2612256865779,2024Q4
155,22-12-2024,North,34.11821280930841,76.14120126803695,61.554098600462225,166.90627106405643,0,553.4319540979237,2024Q4
156,29-12-2024,North,18.136337274869796,65.97045912419046,26.622074685165607,127.17192923627424,1,500.5250436856768,2024Q4
157,02-01-2022,South,26.85241725975458,67.49322879524719,52.93427372866646,162.43110364098223,0,616.3936336897441,2022Q1
158,09-01-2022,South,32.091262773930005,76.00618043857655,46.69109385116656,147.39253025719773,0,632.1012353333186,2022Q1
159,16-01-2022,South,30.232182740780743,49.60215788530121,67.31822796,147.94698725245073,0,652.602961,2022Q1
160,23-01-2022,South,31.332902733474683,63.97930364,64.30649596636223,145.57026176752734,0,635.3802620310097,2022Q1
161,30-01-2022,South,30.93304561578179,63.30349578174208,58.52903157840384,159.4620304544484,0,616.7356549876278,2022Q1
162,06-02-2022,South,20.95020549509647,84.47522441594845,46.07801011339454,153.37025469115486,1,614.5554986885702,2022Q1
163,13-02-2022,South,31.886059375322603,93.48286044,55.31622136,149.4766815910492,0,675.6786734702622,2022Q1
164,20-02-2022,South,23.850653108795928,67.33389517768892,70.45783417613023,162.56814791291987,0,628.4975103844059,2022Q1
165,27-02-2022,South,27.179606846316357,50.79543401993658,75.67898522453945,150.2865317242561,0,615.5344912276975,2022Q1
166,06-03-2022,South,23.86370109539571,94.90205430172364,76.81233103173894,159.7149858307397,0,628.6408475896009,2022Q1
167,13-03-2022,South,37.21882302,68.76773232411146,81.69607906,155.86396216944462,0,629.6498198878043,2022Q1
168,20-03-2022,South,32.29964512911072,79.11271490724256,40.82204262339947,152.56945242193586,0,634.8703930819718,2022Q1
169,27-03-2022,South,33.54501878794256,68.65396459,88.72943305,141.92698437195074,0,655.8845438993543,2022Q1
170,03-04-2022,South,26.29583796016149,69.78566452915047,28.171907050074232,148.9977296126324,0,607.9737309269216,2022Q2
171,10-04-2022,South,20.552296345272346,63.21540521126385,11.449502208401409,110.13906069502637,0,579.1398140570261,2022Q2
172,17-04-2022,South,31.860656955465807,77.18308245897754,59.22587863229793,141.87164616135476,0,631.8140436847929,2022Q2
173,24-04-2022,South,24.208176554037287,92.55097452650726,76.89740823836757,158.3405063034822,0,646.3080725,2022Q2
174,01-05-2022,South,25.618406660129093,70.56490349751907,53.47083762290433,144.68454259108995,0,603.6663652,2022Q2
175,08-05-2022,South,28.594498535570224,96.96529790274283,71.04669588427677,154.12430328148483,0,667.3206360552726,2022Q2
176,15-05-2022,South,31.377552811741264,58.021820265907266,93.72470996440843,153.12473805621184,1,652.3924780953464,2022Q2
177,22-05-2022,South,33.175859008409844,85.74329072979003,45.926522351196596,171.8178608196492,0,648.7179367,2022Q2
178,29-05-2022,South,32.00671813512395,100,48.29021513086696,162.72628396753458,0,647.0587820634388,2022Q2
179,05-06-2022,South,27.58057082972839,65.19479038,63.13055064847602,153.0660376387703,0,618.7642287457026,2022Q2
180,12-06-2022,South,44.82505175860361,68.55056640065169,34.88178072,152.55152574948713,1,589.6756471072312,2022Q2
181,19-06-2022,South,30.600156633591308,79.20276959095625,31.937305338907468,142.12819780190944,1,609.1782751664542,2022Q2
182,26-06-2022,South,34.66439542164311,83.09737822928723,13.91873623637134,130.8084251713843,0,612.4313270535035,2022Q2
183,03-07-2022,South,35.23549151306077,95.25891537186803,40.82231474,171.9741331359277,1,650.1567917065518,2022Q3
184,10-07-2022,South,21.835238597290083,61.40847363177211,64.80459803276622,146.35427548883956,0,626.3991170974261,2022Q3
185,17-07-2022,South,36.90045677073726,60.61655947735706,55.52291402587261,148.82331533809412,0,609.7705156338412,2022Q3
186,24-07-2022,South,31.619000638029725,65.62765031509764,13.444126928819411,134.7463077674904,1,622.6269909601051,2022Q3
187,31-07-2022,South,15.757286896849623,87.23148550558156,10.55849270400033,140.29082717254386,1,575.5749621,2022Q3
188,07-08-2022,South,34.036465624055424,51.313509113504516,66.47376153832245,128.33032387150462,0,599.3448921326986,2022Q3
189,14-08-2022,South,32.385204136115604,71.15232836590383,17.70892893382066,154.06195226142316,0,611.7035563478144,2022Q3
190,21-08-2022,South,33.24462105253498,49.12005494217985,25.747142695931288,137.51942231828932,0,588.2215089958022,2022Q3
191,28-08-2022,South,40.383739917804206,75.72903178,50.37099428488483,163.39296655919125,0,616.8216246238247,2022Q3
192,04-09-2022,South,28.365596101601742,61.73577828301859,42.113142109183975,128.97736579325223,1,624.5976376,2022Q3
193,11-09-2022,South,29.59641709945709,71.17952785474137,0.6858238825036977,149.47184382440867,0,622.8718697975896,2022Q3
194,18-09-2022,South,19.495405692740412,100,22.867906544989147,160.6244317,0,639.2815471224352,2022Q3
195,25-09-2022,South,24.800470364372345,79.19160857593855,19.004599995546336,134.04018987664145,1,641.1866431988544,2022Q3
196,02-10-2022,South,32.73607969028502,56.24260292205946,39.38224729,166.04885992647496,0,621.6414331,2022Q4
197,09-10-2022,South,35.25327198003806,86.58288899436975,63.81351737022706,165.63510130166807,0,625.3230274263265,2022Q4
198,16-10-2022,South,26.141858387915608,74.44942479514263,60.39343329129984,145.51769840386453,0,650.0676632250628,2022Q4
199,23-10-2022,South,32.26767151,66.33765047064027,59.931580938912994,162.99719875697232,1,619.3310622869076,2022Q4
200,30-10-2022,South,33.60733136892537,79.53095398322345,66.94057031097539,149.23259217947998,0,631.9051588985772,2022Q4
201,06-11-2022,South,30.077895237907338,53.55587369657197,12.969143689177544,153.28934153449606,0,597.4420068927619,2022Q4
202,13-11-2022,South,22.23636466091981,65.44696021634203,16.65198604536583,127.03926787219378,0,609.2121193075852,2022Q4
203,20-11-2022,South,35.04908544671317,59.67774482233414,88.41748952447821,162.24885262093662,0,622.3721419329103,2022Q4
204,27-11-2022,South,27.728778624233687,69.70096907131284,21.18446803164947,116.09544035805114,0,615.6887281984162,2022Q4
205,04-12-2022,South,42.19876203169636,90.76409227765777,56.63095068,165.62955139993008,1,640.6202820128897,2022Q4
206,11-12-2022,South,28.73657155999518,75.88126794551304,42.67601737388514,154.77193659414075,0,608.7091503,2022Q4
207,18-12-2022,South,29.50830186602625,55.17113339273624,25.535057012809002,135.39099036623207,0,625.8978588943954,2022Q4
208,25-12-2022,South,37.57258781294791,81.59624784,36.72816189301252,124.34158056350762,0,610.9992551663125,2022Q4
209,01-01-2023,South,25.158277725681824,71.58063259,23.319490101635918,131.43369965715368,0,607.2487651220026,2023Q1
210,08-01-2023,South,36.98707351530186,68.87283749784974,39.626101698669814,143.31696499343306,0,606.5178250041758,2023Q1
211,15-01-2023,South,32.716490145181936,70.73290105488556,53.20499046695322,135.4775733037321,0,609.1936204370503,2023Q1
212,22-01-2023,South,35.74709864131857,65.48643970957961,48.03958440031676,153.62177654099236,0,602.5945104507613,2023Q1
213,29-01-2023,South,34.474621884722204,65.57575482561958,79.60207317391236,138.60593268393424,0,623.4052389338268,2023Q1
214,05-02-2023,South,41.11347814567537,51.43268583869326,66.16790241236977,127.9262671846536,1,580.8399036668005,2023Q1
215,12-02-2023,South,29.35089650133287,70.65717207968665,53.691186549838186,160.5250101017346,0,671.1061332074369,2023Q1
216,19-02-2023,South,37.297468016917605,44.720335918570896,63.77277736280796,135.0834664705443,0,575.5023126086725,2023Q1
217,26-02-2023,South,38.195584027220335,95.16551221,47.15807382477667,165.54911705830776,0,659.8935877107713,2023Q1
218,05-03-2023,South,24.496103585816577,59.330520628591934,47.123278665277724,136.1268877,0,603.6599433677163,2023Q1
219,12-03-2023,South,22.220521768981865,74.96320348321686,76.02074165903264,122.77971543484313,0,613.4390569,2023Q1
220,19-03-2023,South,33.47498950388437,99.19814256272149,54.49944693548606,186.40146830173936,0,673.8590174578654,2023Q1
221,26-03-2023,South,30.380026957062057,78.08133988669553,41.51361687939321,149.8838056797676,0,614.5152614882974,2023Q1
222,02-04-2023,South,37.91732512692047,65.39829410692944,86.28018949287798,131.7370326061442,0,590.9345415856288,2023Q2
223,09-04-2023,South,28.41795775152599,88.19646549968775,62.76142701377863,191.4404613,0,673.2594719755399,2023Q2
224,16-04-2023,South,27.36265338193072,75.42514878135482,69.78413909850904,160.40534161014014,0,628.7761497978796,2023Q2
225,23-04-2023,South,23.34383523221111,42.456919403450556,69.50998896510502,118.57995840213819,0,548.8466582157071,2023Q2
226,30-04-2023,South,34.18161861497776,70.46900315873012,63.880673072659704,147.98737860635845,1,630.2156782852416,2023Q2
227,07-05-2023,South,29.505551734044285,83.78614724481653,52.42434777516354,156.3888278885195,0,651.2927583677351,2023Q2
228,14-05-2023,South,27.464384699717048,66.45467894366506,33.72685130886971,134.67746888272302,0,610.4364044486425,2023Q2
229,21-05-2023,South,29.95440501677898,86.28843348747367,66.12519124000701,155.99385061056108,0,665.9949390056029,2023Q2
230,28-05-2023,South,26.74793482645003,77.94539699358164,5.166274795261798,140.96530525950718,0,602.4899741101582,2023Q2
231,04-06-2023,South,29.06514348507277,70.84974887,65.24108681,147.4156101273564,0,641.4528853173266,2023Q2
232,11-06-2023,South,15.558643974036377,74.39903971200255,59.21203724,137.14269889634187,0,612.4913867968061,2023Q2
233,18-06-2023,South,36.09380925848659,66.79835693604689,82.20767937987462,152.07072620203004,1,622.7986351215845,2023Q2
234,25-06-2023,South,27.181754862868285,63.83603265551224,43.860882483453366,130.08884146617413,0,601.9941239130194,2023Q2
235,02-07-2023,South,30.85208111187744,72.40860971574797,50.06092040306829,152.77056148468287,0,651.6338954,2023Q3
236,09-07-2023,South,32.497634925477044,100,27.91517639748161,152.44862796951585,1,628.6027816513399,2023Q3
237,16-07-2023,South,28.87617299053658,52.448304609109606,11.567234605524028,136.65954014873142,0,608.7744305194601,2023Q3
238,23-07-2023,South,29.850547630488503,67.38529442447879,38.622655002978554,141.18928128128525,0,614.4476488487975,2023Q3
239,30-07-2023,South,31.959020027012734,47.81632646838807,49.01996667514543,133.4825088316282,0,609.5126180060463,2023Q3
240,06-08-2023,South,20.19920995853084,100,20.45815343448372,153.49030299704845,0,617.8860365056105,2023Q3
241,13-08-2023,South,38.558542400711715,49.421482856029655,11.097545460057232,148.99780543243037,1,580.5498702796428,2023Q3
242,20-08-2023,South,35.71163227269176,53.18766451719419,10.532162789348732,122.5994185707681,1,614.2342161168514,2023Q3
243,27-08-2023,South,26.97142538498331,81.13143058013961,47.75601294919327,169.64303722089042,0,665.3904110651675,2023Q3
244,03-09-2023,South,24.04354930356097,70.94028095,42.91837369142815,169.8857443002117,0,618.2214337,2023Q3
245,10-09-2023,South,30.923401529324543,49.793105657054554,21.217556802932823,147.1462728082802,0,594.1492691981191,2023Q3
246,17-09-2023,South,27.742951711996806,63.45919768525181,45.94145234787534,130.30009916105323,0,624.8694138561684,2023Q3
247,24-09-2023,South,26.216024557152696,48.67283999887235,70.0995843,133.51613927642998,0,598.6117954,2023Q3
248,01-10-2023,South,33.20843718577325,88.36940630839499,28.332840555453032,150.4301503686936,1,627.1323673846767,2023Q4
249,08-10-2023,South,34.63920064040619,70.85519687345626,45.44475684,167.44357620017303,1,639.7393070728626,2023Q4
250,15-10-2023,South,25.731317326575443,75.38814100686761,51.42699864123944,144.8239179,0,606.6723853939097,2023Q4
251,22-10-2023,South,20.16821705311999,100,18.58567025871219,150.3983296979559,1,619.1273175876177,2023Q4
252,29-10-2023,South,23.29723409998086,83.6950033,47.227963156864085,155.28157148063778,1,628.1500539238162,2023Q4
253,05-11-2023,South,31.412899752441497,66.26963310724679,73.91707286146328,155.28285540048984,0,646.6167236,2023Q4
254,12-11-2023,South,24.80599085998722,77.54350607371204,49.040385935222695,149.0345050863157,1,633.6774650389456,2023Q4
255,19-11-2023,South,26.743215531040853,62.07074977375365,55.09605379269391,160.62883171692013,0,624.0485520594348,2023Q4
256,26-11-2023,South,41.50205042723485,86.13149594657557,6.335824774379091,145.50935391344325,0,607.3545941811593,2023Q4
257,03-12-2023,South,31.90579192441389,89.34629131124119,58.81639530496149,154.35958495685628,0,629.2198948013273,2023Q4
258,10-12-2023,South,34.142272578475534,56.09930346261728,72.21360061,136.1501924361482,0,634.2403689996964,2023Q4
259,17-12-2023,South,31.973357649114906,52.06175406947224,56.49889672152723,155.28012867872633,0,608.1723200992637,2023Q4
260,24-12-2023,South,22.750717172595472,53.40537728157487,39.71084203121645,122.33969967907029,1,611.9640135604474,2023Q4
261,31-12-2023,South,28.001819071926988,73.37027088627829,68.65181663746179,129.14001277663604,0,598.4550931246486,2023Q4
262,07-01-2024,South,35.83274295488503,61.405032925135814,54.82769700677444,129.1316238386092,0,591.1762045169297,2024Q1
263,14-01-2024,South,30.922756515985185,93.13164928851813,92.51501440605804,195.99138117501664,0,702.6127382510819,2024Q1
264,21-01-2024,South,26.876052265329736,82.41775143943627,53.405192891930646,171.57604362424374,0,642.8191682893654,2024Q1
265,28-01-2024,South,27.733859753363625,80.44581171185072,73.75333589,156.29967632867266,0,666.9970188,2024Q1
266,04-02-2024,South,27.84102105679897,56.70936319,38.81543538143671,134.0891252343193,0,627.2814930986394,2024Q1
267,11-02-2024,South,33.154058422773886,54.63719763506192,93.71307790909171,164.37671983222958,0,640.2813316805995,2024Q1
268,18-02-2024,South,35.73704665095803,65.43664178,81.45793492153204,119.9494731283709,0,599.2175491869151,2024Q1
269,25-02-2024,South,24.401912833554945,72.11329370366806,22.861051347679535,145.47637283414167,0,605.2788364904939,2024Q1
270,03-03-2024,South,35.16481973576403,67.07582187356563,51.47795566468129,149.86007130809767,1,602.9908681093594,2024Q1
271,10-03-2024,South,15.638688933591753,69.58727642424046,94.79519436024904,178.6715653023881,0,610.5037850506424,2024Q1
272,17-03-2024,South,31.773892410850998,53.532064624761645,67.61560742343019,131.6875864739333,0,609.1301387840527,2024Q1
273,24-03-2024,South,28.98163124911517,56.830261198651584,43.389481660183336,133.69584355283956,0,614.7843515829842,2024Q1
274,31-03-2024,South,28.48084576006892,93.52157192077314,49.47843935576083,156.44618075767494,0,613.9628130982969,2024Q1
275,07-04-2024,South,34.42022698180525,81.05265846,54.30053759861627,152.3912975062896,1,643.8063441179846,2024Q2
276,14-04-2024,South,29.45225354265398,60.93981587612309,77.40155397151437,132.1625166515537,1,640.3243080404189,2024Q2
277,21-04-2024,South,23.728552884153753,74.40336898249944,32.21852633438605,150.64183949462983,0,612.1602092516292,2024Q2
278,28-04-2024,South,25.957900877383064,65.27102734,50.31941791888502,134.57187243693576,0,612.4808240538481,2024Q2
279,05-05-2024,South,35.743186747143575,54.762672715324044,59.46343566,145.70627099379982,0,614.6693282334445,2024Q2
280,12-05-2024,South,31.897410285827537,97.17257218890275,55.832151780947235,147.31746265576538,0,656.0026008181715,2024Q2
281,19-05-2024,South,34.519674205430974,34.55601346687242,36.43661249,133.85264314615603,0,609.8055255224212,2024Q2
282,26-05-2024,South,36.98613211279381,70.85519704556577,42.73583470755063,143.09153831575213,0,597.4028181813443,2024Q2
283,02-06-2024,South,26.00403996674873,62.758847167269515,35.580659555263445,140.3356102346094,0,630.4313774949889,2024Q2
284,09-06-2024,South,28.19763297897702,77.67123251,59.89548756504716,150.33593635033367,0,650.1131460499789,2024Q2
285,16-06-2024,South,29.61081401493599,67.29280129614061,116.2553079997728,161.37875587351016,1,648.9557876669796,2024Q2
286,23-06-2024,South,36.54736448175356,61.47786505248498,14.589997834655906,136.66670915250896,0,617.3500191666418,2024Q2
287,30-06-2024,South,35.40024032857324,63.29017156511873,75.62032723470226,147.78698388741086,0,630.8026115073246,2024Q2
288,07-07-2024,South,34.912867318138886,79.84541304742822,65.47077998063406,146.60052721413962,1,629.0575961031877,2024Q3
289,14-07-2024,South,27.981757683790015,55.673161309759706,56.07882466899365,169.99021937732576,0,611.2895654747246,2024Q3
290,21-07-2024,South,30.957604819329823,73.61857206483022,56.87985694148977,148.2724157988498,0,618.2863052535433,2024Q3
291,28-07-2024,South,32.141535486038244,67.19283602493176,65.06736819315958,164.42068242456907,0,674.9036686623424,2024Q3
292,04-08-2024,South,25.97314086474828,78.94663509341007,49.73884330961229,153.9839800019288,0,614.8922351836263,2024Q3
293,11-08-2024,South,35.699392805645225,89.75672601009798,41.007402877770474,121.25202009547418,0,605.5181034957945,2024Q3
294,18-08-2024,South,27.50818803903777,84.89032808369188,53.43123600952929,140.53319779609078,1,635.1488147974255,2024Q3
295,25-08-2024,South,28.165877940926563,64.12362776434267,23.321957651093385,160.95684075443162,0,615.4367366686275,2024Q3
296,01-09-2024,South,22.40775528,88.65779398879472,39.08497571552359,170.5228773600202,1,623.5809045152799,2024Q3
297,08-09-2024,South,31.621796408608017,52.31440313260296,64.40342534237712,132.0686272,0,612.3588693087145,2024Q3
298,15-09-2024,South,27.989666277416646,77.86397016464753,30.106677016030204,156.6162891,0,632.4960163108501,2024Q3
299,22-09-2024,South,39.694644995291426,54.995030130916376,26.51801184852243,140.5097351800464,1,587.8160869925327,2024Q3
300,29-09-2024,South,33.61805293614437,80.01191172458968,15.758202161234696,155.6710862806442,1,637.8069798779721,2024Q3
301,06-10-2024,South,39.49940967447608,68.0104938,20.58232516560663,154.7279219745566,0,594.6431070976371,2024Q4
302,13-10-2024,South,31.26468407,69.04830904083781,36.539899424642016,127.69365353370132,0,618.2330965714725,2024Q4
303,20-10-2024,South,30.952498398895333,80.64177726,31.940110161748983,154.40549763353383,0,631.5475083105154,2024Q4
304,27-10-2024,South,34.44331377,62.098668510175145,54.33305146720693,136.11879378974936,0,613.2176155409326,2024Q4
305,03-11-2024,South,39.190918383975614,66.64801026442221,34.78382541869948,139.98947612763502,0,588.6278420065241,2024Q4
306,10-11-2024,South,21.968114971954098,81.68851051470412,63.51710444046728,140.5884078241334,0,631.8591024514362,2024Q4
307,17-11-2024,South,38.553066862909624,68.43326172193792,39.99233895379183,143.26588109842504,0,617.1462255632945,2024Q4
308,24-11-2024,South,31.737651880790374,87.45263152,49.622463078666186,163.27976639981893,1,656.1194959455793,2024Q4
309,01-12-2024,South,35.005230462835705,29.451515605011444,58.91027467018047,116.69667748963046,0,544.1074487885246,2024Q4
310,08-12-2024,South,34.42901569,73.45014285644255,88.55799915373485,137.74085485301256,0,652.5103623343258,2024Q4
311,15-12-2024,South,33.71063745535946,71.13150458352389,15.567527119181054,134.98832039364893,0,592.2890107035767,2024Q4
312,22-12-2024,South,32.121171298559496,72.15008751409346,78.37621266556197,160.91744110990226,0,632.9884000441992,2024Q4
313,29-12-2024,South,30.973037276186215,58.86294121452927,23.599549775585892,124.97484419880251,0,600.1829762194155,2024Q4
314,02-01-2022,East,36.075101537636314,62.400842399505734,-0.348662048,109.38158609741896,0,492.7215975348029,2022Q1
315,09-01-2022,East,36.546025085076906,74.46881597889704,56.98001469695243,143.98217982418274,0,494.1082133914132,2022Q1
316,16-01-2022,East,16.553542915023073,49.85643402595588,40.77760087279614,145.8894328727796,1,497.2973665570489,2022Q1
317,23-01-2022,East,20.604572969513963,63.46254488617732,54.93193008140315,138.31457582700577,0,501.9176353206072,2022Q1
318,30-01-2022,East,30.36397638879322,59.359745680958994,61.524128182923675,153.51815892543132,0,515.6394248069452,2022Q1
319,06-02-2022,East,27.204552538637255,80.31794990780527,64.07395791927294,147.3188391502517,0,549.3863212330605,2022Q1
320,13-02-2022,East,24.11550819914074,86.28390514612258,60.499142245642766,142.9625308281212,0,529.9264621845857,2022Q1
321,20-02-2022,East,26.005181742920016,87.01720780126479,41.237007501915734,178.48718017193778,0,535.2662335450639,2022Q1
322,27-02-2022,East,21.626521943787065,83.70392187668799,35.41425048521875,149.0368575112793,0,514.4665787040148,2022Q1
323,06-03-2022,East,17.77858085089974,89.97218211096693,74.09063581826776,179.03570203351532,1,545.8115707388274,2022Q1
324,13-03-2022,East,23.911388491924388,83.7631781,10.302023958208899,167.31152657891656,0,539.4648895040451,2022Q1
325,20-03-2022,East,18.628974259385135,61.447811810754466,72.07910842999095,165.17681258874785,0,509.14479560804233,2022Q1
326,27-03-2022,East,27.335594432264998,64.96906415839311,45.15447250045915,138.9946005939629,0,522.9611123754836,2022Q1
327,03-04-2022,East,27.358358076902284,61.57171504678857,33.42789560808873,170.33381404310327,0,507.84978172146725,2022Q2
328,10-04-2022,East,19.452105353376094,64.81585727954952,87.86867875564685,196.2889916438802,0,530.6508461527978,2022Q2
329,17-04-2022,East,20.905878807929184,73.41479923946956,17.391018264840675,159.2902082549776,0,500.8378671757989,2022Q2
330,24-04-2022,East,28.554863116611376,71.66758240434304,89.64290055846132,184.29754609944513,0,547.3190828806962,2022Q2
331,01-05-2022,East,20.68373098892196,68.28568066597171,55.708611752514045,143.0566493980642,0,517.9664877770986,2022Q2
332,08-05-2022,East,14.132625801933369,63.34572543,36.30737816,138.39440716929852,1,459.10752510970855,2022Q2
333,15-05-2022,East,9.827843976220057,30.643176466761012,33.071706488072756,122.15077840415407,0,429.3377916,2022Q2
334,22-05-2022,East,12.473147882415656,74.94759930435013,109.28971532100498,132.24766062277456,0,508.1354861759422,2022Q2
335,29-05-2022,East,16.564595091239834,85.93351495524405,46.33196059081216,139.33223676893832,0,512.3589214779213,2022Q2
336,05-06-2022,East,12.197202471180143,81.19389561199888,58.06386968870363,171.11283283492276,0,511.3883008040306,2022Q2
337,12-06-2022,East,17.494622367331864,79.46584777032258,40.46444867413896,134.29451963221294,0,513.2527836938943,2022Q2
338,19-06-2022,East,18.671382361768053,91.60110274800182,38.51579022671521,160.32828777835854,1,535.8703135025845,2022Q2
339,26-06-2022,East,21.899950456606597,73.86943242372487,30.814134168155505,117.76910829364827,0,512.0565921298634,2022Q2
340,03-07-2022,East,15.25029465,71.13508441070853,42.767094446286855,173.63944523853365,0,490.6683309,2022Q3
341,10-07-2022,East,20.20213006204307,69.21970467312978,81.62517217,149.68086969176704,0,488.44281800588277,2022Q3
342,17-07-2022,East,7.295888689380428,99.04583953853366,62.44850275451113,164.8239185280206,0,512.3167183735987,2022Q3
343,24-07-2022,East,22.148563951516863,37.00583922249169,12.20516197828837,143.70675364286163,1,503.9952316405066,2022Q3
344,31-07-2022,East,21.141427472005912,69.88406166617892,17.659835865670253,152.92033297941902,0,486.5554441704242,2022Q3
345,07-08-2022,East,14.050563180179477,80.84044014283928,27.072305071419553,179.43082668462154,0,513.5622056137581,2022Q3
346,14-08-2022,East,16.30204718618614,85.21157396919568,47.60159296776503,178.01472213343646,0,540.5022313554937,2022Q3
347,21-08-2022,East,9.923051626,72.70874809912544,45.419666853922294,136.14976044565555,0,476.33371608361387,2022Q3
348,28-08-2022,East,13.281204021604465,84.62576642955203,51.17660755162923,124.71063816084701,0,513.1292865382459,2022Q3
349,04-09-2022,East,24.704423633656372,75.85919766594043,57.00409855318627,147.2837065932949,0,503.2762033,2022Q3
350,11-09-2022,East,26.869198895991467,88.53567608948259,49.179753951539624,149.01810928690313,0,530.8650068570878,2022Q3
351,18-09-2022,East,16.704197164403215,87.25444039,45.88743504569165,130.6447865928067,0,504.8711808618389,2022Q3
352,25-09-2022,East,17.15476445139447,49.256995341186624,26.038759296521963,138.59007657949678,0,467.9248065812962,2022Q3
353,02-10-2022,East,27.628848755153037,73.28847502,65.78539725431273,156.18085302244276,0,574.6244671240465,2022Q4
354,09-10-2022,East,14.631093729049947,54.48848215814604,50.54833345567734,111.28120068516034,0,463.6836813152781,2022Q4
355,16-10-2022,East,22.992191474965814,53.15409159783172,33.806085445773675,118.87384329172508,0,497.11681832683314,2022Q4
356,23-10-2022,East,24.94772200519614,83.95384234362926,58.34970529476805,156.78290068253622,0,508.80128848614453,2022Q4
357,30-10-2022,East,16.996636512065045,72.77351225393465,20.086138175461763,143.51872379312107,1,509.8930310294291,2022Q4
358,06-11-2022,East,19.213522759707335,79.61875589992583,53.83588201453936,148.03204256644347,0,524.5735645,2022Q4
359,13-11-2022,East,20.776226352214376,76.92268607523714,60.58450668910261,144.36137284888417,1,512.0940750579095,2022Q4
360,20-11-2022,East,15.94044074860952,57.54617216444214,51.013872200490425,126.9162044177081,1,476.84046700414706,2022Q4
361,27-11-2022,East,7.812514829561456,69.94738012,24.919273182507585,154.70378527452596,0,461.5923058774195,2022Q4
362,04-12-2022,East,22.016883657093928,57.49247224840297,39.62493080962679,141.58251886089164,0,521.0473689,2022Q4
363,11-12-2022,East,15.648609781748679,84.00675869308515,39.94669356254634,162.55533614630042,0,529.0160238797573,2022Q4
364,18-12-2022,East,24.710203514222158,67.53375339307928,55.050216986566326,135.96445286927676,1,521.7293851345253,2022Q4
365,25-12-2022,East,17.620598459615483,100,28.94746746763649,170.82077174238344,0,536.7143740084142,2022Q4
366,01-01-2023,East,13.519265717966945,71.52035067319827,28.352653224552867,153.2589352562692,1,497.4586113202096,2023Q1
367,08-01-2023,East,25.691515421406493,57.113680864538956,75.11208916260954,139.7557605917645,0,523.8312068407485,2023Q1
368,15-01-2023,East,29.88313563226169,61.73633226167719,18.46957528896382,129.63405756169038,0,499.94914172650545,2023Q1
369,22-01-2023,East,20.950277159423656,47.12941825018291,26.47485174773749,124.94535698025008,0,453.65286841338997,2023Q1
370,29-01-2023,East,28.708377271035303,57.649611931323655,67.22154893644378,123.87188440582324,0,544.5826561197117,2023Q1
371,05-02-2023,East,25.504188969163128,85.41516512201548,58.30268928102992,162.16609319739777,1,579.5725981108573,2023Q1
372,12-02-2023,East,9.133357769,81.83445032851597,47.19403469373868,144.39308478867383,1,490.90343033890946,2023Q1
373,19-02-2023,East,21.049521690443736,60.70098718892656,105.6326591603354,154.06593698525336,0,515.7912452804297,2023Q1
374,26-02-2023,East,34.88504912281246,76.49465024091597,75.03003519,182.97701963145562,0,562.4753091006456,2023Q1
375,05-03-2023,East,13.93641136394925,82.49348992896084,63.89031439441088,147.11870860877394,0,515.5016450323393,2023Q1
376,12-03-2023,East,20.14967547773294,75.66591493482453,81.80744150153029,161.9576024049024,1,552.1505435921841,2023Q1
377,19-03-2023,East,13.708307683755688,59.41861527881236,60.95573108287126,158.61819811925733,1,509.9648631570418,2023Q1
378,26-03-2023,East,9.003046510277295,69.76521907566746,57.91232383286044,138.30699631771608,0,460.8642535,2023Q1
379,02-04-2023,East,28.765490368318723,79.81981244362012,63.69305551809202,156.8745432828691,0,573.2225984971664,2023Q2
380,09-04-2023,East,36.02263242799245,46.64854981181914,58.77492946667044,151.92785067160096,1,497.2670038857212,2023Q2
381,16-04-2023,East,22.819752047580838,70.15262606112145,63.408263831748705,172.00652320867172,0,515.1265605847296,2023Q2
382,23-04-2023,East,19.793956883633562,100,70.28406890217167,162.36745634149256,0,540.3877082635394,2023Q2
383,30-04-2023,East,9.576997514132197,57.663526341177054,85.19373699026617,133.3210916292823,1,497.82886347244687,2023Q2
384,07-05-2023,East,19.354360567567035,76.02738781051002,66.38296373143551,159.22180823841572,0,516.7971165133434,2023Q2
385,14-05-2023,East,9.180449022,78.43474930934887,65.83037643887474,169.44904298317107,0,502.00670592743245,2023Q2
386,21-05-2023,East,26.262043754706298,38.250043586545004,46.83222347919726,135.52055343660584,0,484.0832147602199,2023Q2
387,28-05-2023,East,25.325387493715475,61.64079549455949,26.543890079445106,188.56734260717027,0,507.58454782781234,2023Q2
388,04-06-2023,East,14.882483154642571,73.62904554210357,20.553291450512265,134.58706440507868,0,451.40526999179104,2023Q2
389,11-06-2023,East,31.271200705650244,57.940414017895336,68.46781126121904,126.38192810774824,0,528.8963521730241,2023Q2
390,18-06-2023,East,23.44257432111656,95.53082731023889,15.904338909346325,139.5215928449182,1,525.0152021,2023Q2
391,25-06-2023,East,12.225434626252198,91.30385399,40.51105464634033,132.47350985937067,0,493.3141466143346,2023Q2
392,02-07-2023,East,25.222706908085268,45.62446046129638,51.84359019272974,128.43257298525646,0,504.0944483247269,2023Q3
393,09-07-2023,East,17.44245906459088,56.44984770554503,47.010124139113486,151.11847429193102,0,500.3182901539034,2023Q3
394,16-07-2023,East,20.442254592895615,89.65577053254957,35.51701118152346,151.19914368099896,0,518.7981132535978,2023Q3
395,23-07-2023,East,24.663162458301635,95.03843131960453,95.14212379432828,156.80031824655563,0,560.9724272996494,2023Q3
396,30-07-2023,East,13.93505571986012,79.68423211254606,65.25240165540939,150.4547044654064,0,493.44869574509835,2023Q3
397,06-08-2023,East,13.239698090756185,82.17910492592938,71.07597295201079,177.54546896595306,0,510.3418012208246,2023Q3
398,13-08-2023,East,14.022422041286152,56.147119123469054,36.19658702844121,122.95199434433759,1,445.6689891657805,2023Q3
399,20-08-2023,East,16.75045231796742,73.80791813521877,73.89358243183891,146.38024386095188,0,491.0833509158009,2023Q3
400,27-08-2023,East,20.932800637028944,43.761699354846854,57.27574926697189,112.40599363702587,0,480.3239735,2023Q3
401,03-09-2023,East,18.975603524416147,56.13254186116595,47.748776567327255,159.46667549497536,0,502.5680275320259,2023Q3
402,10-09-2023,East,11.55966510081123,67.28490792,35.16103703096546,143.98038510806649,0,466.7787283403645,2023Q3
403,17-09-2023,East,26.59566706048153,64.47662087138363,31.09596719825494,124.32651535190732,0,511.6705527397331,2023Q3
404,24-09-2023,East,25.16161194682577,87.11699097296876,72.75561112879683,125.95910785018336,0,551.3557191058231,2023Q3
405,01-10-2023,East,-3.70769633,81.9121009,35.59490797007824,151.91585500883588,0,438.1944221572699,2023Q4
406,08-10-2023,East,20.37744297714046,100,46.201108358723715,186.8774073402529,0,523.7561006001843,2023Q4
407,15-10-2023,East,15.415378274381169,54.445734910375876,39.32646019599823,137.89561980168003,0,475.9973677294852,2023Q4
408,22-10-2023,East,9.575949182668829,85.22378473682737,40.77942725756019,171.0603954403248,0,503.06269413096874,2023Q4
409,29-10-2023,East,18.717660579980144,49.817727456216666,54.78662991500391,129.98146818010056,0,473.0961957531345,2023Q4
410,05-11-2023,East,11.411871258403474,63.48032365314708,55.29636254101501,140.73912172618438,0,477.9480023999441,2023Q4
411,12-11-2023,East,26.636850073704515,59.07182467,16.95372293593296,129.23890723511659,0,489.66003117338124,2023Q4
412,19-11-2023,East,21.153206512250694,69.39222474946313,57.38728773,159.0008704022287,0,527.7622298704409,2023Q4
413,26-11-2023,East,24.62995948858343,76.36709641371864,40.957483213383554,152.44875633392297,0,524.8601438547282,2023Q4
414,03-12-2023,East,22.71719180367593,70.58090530554418,18.598579801206334,142.60013061897558,0,504.9398505513636,2023Q4
415,10-12-2023,East,9.892772957752607,72.60514969207789,32.42720729752036,168.37266044342468,0,485.46558097732697,2023Q4
416,17-12-2023,East,33.102234730857475,77.33883875499167,53.32063936,133.33273061759627,0,553.7125629257157,2023Q4
417,24-12-2023,East,15.604817498907476,56.71068530058106,46.97114853,168.43683167702994,0,504.0583449331238,2023Q4
418,31-12-2023,East,27.053574448202777,39.90804695346408,88.97341915,129.37098617620967,0,481.7477081160529,2023Q4
419,07-01-2024,East,21.186092816017805,67.99166610151427,31.065777333620407,120.76863421371036,1,502.2618805175995,2024Q1
420,14-01-2024,East,9.888378640984088,91.45519898271891,55.23427287475557,149.2612324467794,0,497.0734145113023,2024Q1
421,21-01-2024,East,25.05811951134074,81.36858094166519,82.72819201646492,144.75893686511375,0,549.9309483300583,2024Q1
422,28-01-2024,East,31.89742691650973,69.79425850950598,69.20820896903452,143.89640409236077,0,540.1089174833924,2024Q1
423,04-02-2024,East,22.08499265944215,70.81031089071234,82.61396392404731,155.88572374627466,0,504.7640476694332,2024Q1
424,11-02-2024,East,13.296042257771834,79.74942349230831,77.82083718587472,163.1258769261849,0,496.0001247826972,2024Q1
425,18-02-2024,East,6.857899803347237,76.9049481,30.49413051822362,118.77003675956085,0,471.7557522129477,2024Q1
426,25-02-2024,East,18.10565594330444,83.38884275671528,21.680351577876756,145.2083621701708,0,507.0906915407311,2024Q1
427,03-03-2024,East,2.5800641674596108,84.66352048242318,43.79766486881762,130.4506592581348,0,450.7416134607045,2024Q1
428,10-03-2024,East,25.973705103303576,64.1675672,79.33675665164921,144.3949800672319,0,527.2211893009003,2024Q1
429,17-03-2024,East,28.904412876379183,52.69564014575986,61.98190732414706,132.79766409623812,0,536.8125821837184,2024Q1
430,24-03-2024,East,23.259088115787225,90.14311319424118,67.85968883296762,138.93557249405347,0,526.6198967401311,2024Q1
431,31-03-2024,East,19.786008856077533,59.78573386289869,41.96436826598359,149.34511033285185,0,494.0692291490028,2024Q1
432,07-04-2024,East,30.414089249607866,71.27921976948608,76.10494714310073,159.05755577557812,0,548.5795077841168,2024Q2
433,14-04-2024,East,25.458288474021746,45.65608628754853,66.77803550398878,132.1114282,1,508.3216956078596,2024Q2
434,21-04-2024,East,16.550753130540333,78.54121400351553,70.57820342380901,162.48266789187065,0,495.74791049280657,2024Q2
435,28-04-2024,East,14.53621931239472,58.92196861748221,37.013644267512916,129.74324661768782,0,484.21872715126534,2024Q2
436,05-05-2024,East,21.99027114663462,73.26747819268323,48.032667903650896,115.12913328059994,0,463.7347069,2024Q2
437,12-05-2024,East,12.540101978511906,58.4947371,87.03874504046458,105.23918806398808,0,458.8967741533301,2024Q2
438,19-05-2024,East,20.689239719519417,86.81106167224976,43.10514248807544,166.47523414453815,0,514.8616954423977,2024Q2
439,26-05-2024,East,7.521066795863835,78.58912161871149,62.654456502456476,156.52852161909976,0,471.2735913159763,2024Q2
440,02-06-2024,East,18.216107133621865,64.93707571225208,36.68135680379161,132.15885688910737,0,472.68097283693163,2024Q2
441,09-06-2024,East,11.419625282696785,76.73034653,84.66703766,154.7135177852553,0,503.7365353133238,2024Q2
442,16-06-2024,East,22.668036326580253,81.86604553414163,82.18814878928721,149.60435234924927,0,542.9084358286085,2024Q2
443,23-06-2024,East,6.290909205057536,64.61730375,52.33793583879663,144.7735072122767,0,465.1760127027464,2024Q2
444,30-06-2024,East,19.28695624,80.86615707150294,50.203438034454415,156.4408479188994,0,529.0715974091056,2024Q2
445,07-07-2024,East,27.761518677327555,78.05973486316306,75.48163971643275,160.40916658600278,0,563.5396164554769,2024Q3
446,14-07-2024,East,18.16210636502802,75.46100542852622,60.31447053,155.15472256424135,0,528.2932526905867,2024Q3
447,21-07-2024,East,25.745315127869144,85.96171275,44.46634452704618,146.69322796036886,0,530.5683515536381,2024Q3
448,28-07-2024,East,27.309337621536056,100,38.117570513155975,175.85333772280237,0,562.7377502872819,2024Q3
449,04-08-2024,East,18.610664394469712,56.544303540321174,30.858415630148205,134.04428522951278,0,470.52355642565175,2024Q3
450,11-08-2024,East,24.645592195563722,76.95499857521322,50.582356931451976,149.10595039657068,0,531.6182285355917,2024Q3
451,18-08-2024,East,20.055978297320863,68.99489287084735,31.087408089290747,142.98011241164912,0,493.93111518866027,2024Q3
452,25-08-2024,East,13.804302042830018,91.85617938304851,32.71892795703618,150.52322853822122,0,499.2272335178214,2024Q3
453,01-09-2024,East,24.55813022456619,74.73603848316036,47.25802435263099,168.5125440945373,0,513.0635275006886,2024Q3
454,08-09-2024,East,8.376621326143232,97.29459028091784,64.78087629788135,202.85507839374654,0,542.7217866792637,2024Q3
455,15-09-2024,East,25.412780249219352,57.98528810023437,70.41901626577108,124.60441607435827,0,527.6667469879061,2024Q3
456,22-09-2024,East,16.58134125115899,59.65783262824643,14.839929142234151,162.64403870622291,0,487.3034299870301,2024Q3
457,29-09-2024,East,28.135405523285264,58.10311982249275,61.21627372510778,165.90281821965348,0,524.3713186952655,2024Q3
458,06-10-2024,East,11.21264719019688,75.29690856996815,60.751414120730615,154.0789097,1,510.27887574871664,2024Q4
459,13-10-2024,East,26.023192338955425,100,68.71624148478946,161.25668033293604,0,545.0865773192886,2024Q4
460,20-10-2024,East,19.428302784036113,78.15069353417135,73.26319311789715,190.02486138582205,0,527.60167,2024Q4
461,27-10-2024,East,25.137924591929963,89.46132131934556,43.43237756954167,126.94333041140847,0,521.0765037626265,2024Q4
462,03-11-2024,East,24.298179530809364,77.92589218,48.76796374335818,148.29870550701952,0,537.1045818238423,2024Q4
463,10-11-2024,East,25.714374091568406,63.84047962028798,32.367218883367016,112.89428777657207,0,492.48193918517296,2024Q4
464,17-11-2024,East,26.860654745490734,75.33834066331478,36.25896119347314,166.22878271968176,0,562.7441140824558,2024Q4
465,24-11-2024,East,20.726580267672656,98.45107272994862,29.857039919909496,158.7061561309743,1,530.5106124651588,2024Q4
466,01-12-2024,East,37.14621859,52.35545114615097,23.823506668906255,113.54611020032475,1,478.50355115781974,2024Q4
467,08-12-2024,East,19.741843070593468,66.45645802753124,35.893274358308545,144.00071709628986,0,504.42142327343714,2024Q4
468,15-12-2024,East,20.24588668949416,53.36504960183615,12.579444225767293,106.28485623893164,0,465.2495021259511,2024Q4
469,22-12-2024,East,15.781199065205477,83.26363458660717,72.19065224921776,159.5761553894908,0,501.32015449030024,2024Q4
470,29-12-2024,East,17.799157919124823,84.37432644557502,77.79910733775648,135.14090584266302,0,476.0499729050493,2024Q4
471,02-01-2022,West,23.211045523710617,86.77686467271815,60.98631289116458,165.9628422420979,0,523.2925351469923,2022Q1
472,09-01-2022,West,39.77078716875143,62.41379943607095,30.02721506142122,159.43729376725872,1,463.3661842,2022Q1
473,16-01-2022,West,23.616135239344565,86.69419795310804,73.94618283345845,138.46109428624396,0,503.6326473322716,2022Q1
474,23-01-2022,West,36.15437256577368,95.27521418062764,64.80366607391245,147.4011250025655,0,514.1876918903711,2022Q1
475,30-01-2022,West,32.368465683661135,77.84618506003592,81.26457532778103,167.87377897148423,1,524.9843096585622,2022Q1
476,06-02-2022,West,30.21757334321733,78.37209271777759,5.089445913425499,135.75482365552693,0,455.62827560021117,2022Q1
477,13-02-2022,West,32.69399079384631,72.26665656,71.93675534970315,124.43469488301018,0,499.22331192300874,2022Q1
478,20-02-2022,West,29.630262171958037,63.22510785760566,61.385607162273544,132.5154443279437,1,493.12341546461545,2022Q1
479,27-02-2022,West,33.99589409952699,76.43185959908087,51.40768060796222,146.00042899760442,0,489.7585042416519,2022Q1
480,06-03-2022,West,34.476777153812996,60.52633406252003,63.91786501729172,155.3519002239052,1,503.7294937911892,2022Q1
481,13-03-2022,West,29.39943178394315,67.26368504271375,49.65758714677486,148.7093650846009,1,499.8879536973061,2022Q1
482,20-03-2022,West,28.970702845598296,58.80132480189641,56.173934911944876,117.40617490038099,0,442.97523731088586,2022Q1
483,27-03-2022,West,27.685921568302444,60.80958031183587,80.96498988629261,131.37376603853184,0,469.2640131673126,2022Q1
484,03-04-2022,West,26.150019669012714,50.55825003625158,50.877583450516234,138.17604100993861,0,456.5568870913759,2022Q2
485,10-04-2022,West,31.660326245822034,83.21775015,52.32225762237647,123.30183258973346,0,485.6892516,2022Q2
486,17-04-2022,West,28.20185163773769,74.51661008787613,63.386108500710606,190.33103170378766,0,496.0045075513998,2022Q2
487,24-04-2022,West,33.90681111181255,57.300306267004565,58.85701681222427,112.13505271463352,1,455.93741505249744,2022Q2
488,01-05-2022,West,29.416170421023768,60.46663237893395,93.63158729359873,144.14099215641804,0,512.7238932726664,2022Q2
489,08-05-2022,West,33.40845344951902,63.788182480816815,74.34764323,165.12141786499294,1,501.7225149826303,2022Q2
490,15-05-2022,West,28.60558302924622,82.67736956776483,56.50716381,131.56226984427457,0,443.820593,2022Q2
491,22-05-2022,West,22.65538268164903,63.63326945286278,77.34773135075932,143.18934571047956,0,488.4882306923038,2022Q2
492,29-05-2022,West,37.81444384254099,65.89010377256044,50.81296788,138.61007251811924,1,471.7469333535481,2022Q2
493,05-06-2022,West,23.72446125371682,64.73205697294352,108.34071648171916,135.53513938836244,0,492.1396648951585,2022Q2
494,12-06-2022,West,37.38467213059137,52.48330673098097,57.881560145677945,121.35842748013341,0,433.24655634065914,2022Q2
495,19-06-2022,West,26.424759085166873,76.62979009592546,43.78544711493525,152.77770619419442,1,491.23997678416856,2022Q2
496,26-06-2022,West,24.47568603,73.30812141,75.56454985,144.06902520463592,0,487.52002904629416,2022Q2
497,03-07-2022,West,25.77550773294763,76.02340912581577,59.366311698782766,157.6849530396316,0,479.13006252337686,2022Q3
498,10-07-2022,West,32.04303653850884,65.38287293291674,32.02291722850215,125.79580607790693,0,472.1247390092762,2022Q3
499,17-07-2022,West,31.876084785785814,90.31028713557285,61.38466200695702,155.30505159423652,0,493.9296221095188,2022Q3
500,24-07-2022,West,29.84470533564549,56.354748745272495,27.723823633782725,123.7054457523595,0,462.74411183565064,2022Q3
501,31-07-2022,West,34.44993781,93.86528958662676,41.23739631896897,154.5089763456682,0,482.1589997,2022Q3
502,07-08-2022,West,27.368760717412894,90.82506667312671,36.61891629843117,158.4811513673635,0,495.0020886563464,2022Q3
503,14-08-2022,West,24.449982140570366,100,47.79860588315994,159.87892773319297,0,519.9299774465737,2022Q3
504,21-08-2022,West,19.579435302507058,95.87044974641663,36.76594213028188,159.59834686530982,0,461.96664097586154,2022Q3
505,28-08-2022,West,28.49251318239563,73.73768007570845,23.900296663311266,129.4299774729599,0,467.15887577133634,2022Q3
506,04-09-2022,West,27.74993571002093,88.85723825,30.438738003143442,155.8931710002423,0,511.7250521878349,2022Q3
507,11-09-2022,West,24.408629227173606,81.14289219365847,42.92722557933953,139.5570139610354,0,477.30355382011487,2022Q3
508,18-09-2022,West,30.490337697694724,89.43807672794522,25.913934073564874,161.07690487184482,0,514.9731450487287,2022Q3
509,25-09-2022,West,30.979226235053428,80.42531042632335,10.828416465222613,124.79443171283368,1,498.2514984206605,2022Q3
510,02-10-2022,West,25.55379585885838,84.32950837,57.52093585059589,175.75900149316703,1,496.93598347175464,2022Q4
511,09-10-2022,West,23.603147520735774,68.37110543931334,24.08594219149934,126.70008797226615,1,441.3114799,2022Q4
512,16-10-2022,West,33.20239897600412,67.14245341003283,46.771722390170694,125.71020033581554,0,469.16540917066226,2022Q4
513,23-10-2022,West,32.42439340766066,45.264498469760404,40.84744976974112,161.9363023,0,465.5767173801227,2022Q4
514,30-10-2022,West,32.333354909830405,92.81509341,22.16710932697115,177.05141653782294,0,507.3754511776843,2022Q4
515,06-11-2022,West,32.96963367211322,53.43383083732623,60.249570512751504,131.2327019035951,0,459.1380575912331,2022Q4
516,13-11-2022,West,36.11541533547663,66.11718399445253,49.56499188542658,134.41631987810638,0,464.6851908408249,2022Q4
517,20-11-2022,West,20.74684179152574,81.70514217424669,10.872813615532259,124.89161785539201,0,448.7372195416267,2022Q4
518,27-11-2022,West,34.55681361087361,71.58630687,69.59348608578182,137.01711098970642,0,510.6264857676271,2022Q4
519,04-12-2022,West,34.04944660830559,66.74895228393639,62.53904410202176,152.8830284724503,0,493.0495541319578,2022Q4
520,11-12-2022,West,24.34898137663038,100,76.78183223464609,174.3881412528165,0,528.6256936558218,2022Q4
521,18-12-2022,West,40.40382952019595,43.83503921082614,59.25173290839963,132.77824687373084,0,443.78101944747823,2022Q4
522,25-12-2022,West,27.931972332891778,98.31531486010286,59.92569568812193,141.11057303117747,0,481.99798759261114,2022Q4
523,01-01-2023,West,35.14327189727945,76.44344500305219,58.66777231,117.4906289467441,0,466.14159490700547,2023Q1
524,08-01-2023,West,27.082003368269977,85.57568276528974,20.81844529301638,104.46919646958962,1,463.85314792052253,2023Q1
525,15-01-2023,West,23.493282365822104,77.26669907918406,61.62648253710284,139.07551245424222,0,445.7739719243533,2023Q1
526,22-01-2023,West,30.95211944962529,76.73828081927552,43.34991500660771,147.55573858654694,0,477.10728058707525,2023Q1
527,29-01-2023,West,28.437891042524754,72.40866024423462,55.713380132412894,173.19898624960643,0,513.0403919694782,2023Q1
528,05-02-2023,West,25.186337173576938,66.9008308,67.88497086,149.38200398862537,0,479.88938607484806,2023Q1
529,12-02-2023,West,26.84856777967429,37.22054728997641,79.50796111081576,140.56137172083058,0,469.86947458843576,2023Q1
530,19-02-2023,West,23.14163151384767,59.35838496,51.71413356419691,128.26571637776635,0,472.91889544640827,2023Q1
531,26-02-2023,West,36.43298684698812,67.51707772970009,44.64214726280956,137.0313057803981,1,465.3787738613044,2023Q1
532,05-03-2023,West,29.53306570550026,62.06001831327444,28.56515407291676,141.56693814130915,0,481.9034450076301,2023Q1
533,12-03-2023,West,28.720347191651232,90.55614540975799,87.93931847,184.83275108243535,0,527.9803099536989,2023Q1
534,19-03-2023,West,26.334835022380055,97.27092883836737,75.21252805495618,171.9735713179603,0,526.6499563575101,2023Q1
535,26-03-2023,West,36.27405971734585,66.51806022177318,83.21938854718766,160.88642542731392,0,485.600415,2023Q1
536,02-04-2023,West,29.71705755550052,88.28456184690495,20.977962719227506,150.49169251487538,0,496.93320666896045,2023Q2
537,09-04-2023,West,29.57195955264377,92.61450338370526,46.08404449944274,175.14423932666784,1,510.5225647746903,2023Q2
538,16-04-2023,West,29.352413765682797,78.69785927942698,45.571566814513545,161.29657788792687,1,510.4368054975243,2023Q2
539,23-04-2023,West,28.31810668444798,89.23545211173405,81.10495929,167.4912437229407,0,506.14176562285866,2023Q2
540,30-04-2023,West,32.253017064312694,41.952754907017535,35.61888337828482,123.85307067800922,0,470.85688658654936,2023Q2
541,07-05-2023,West,27.62005698806816,57.392935964711036,53.734926248636874,122.45341745392945,0,470.28704287684843,2023Q2
542,14-05-2023,West,32.45603832705998,64.6295593,54.69716346844633,154.34900962145693,0,488.1714031959164,2023Q2
543,21-05-2023,West,27.400124557962393,64.61851096,55.000770046020975,140.5731374553975,0,480.1481216853756,2023Q2
544,28-05-2023,West,29.553829228892756,69.43644032530779,21.05662139841305,161.35361785413502,1,469.19703997626084,2023Q2
545,04-06-2023,West,31.704763451108132,54.707406964237194,73.33578738506384,138.39461637572967,0,490.55073408231533,2023Q2
546,11-06-2023,West,29.504528498793654,60.95769016324058,62.19130788310847,149.96776946876503,0,499.4559386775529,2023Q2
547,18-06-2023,West,27.256254332925906,40.218084693733566,40.19269709290845,138.30797459074478,0,442.5295143356536,2023Q2
548,25-06-2023,West,15.465058903391792,64.37766915067292,30.434490385673783,113.80659542055704,0,426.7134671,2023Q2
549,02-07-2023,West,24.069653843002932,79.12663104211288,64.28637871747307,149.84137224088192,0,486.1718437166636,2023Q3
550,09-07-2023,West,24.228186658835078,43.72256789872421,40.99615906625787,132.43131811141566,0,468.6940630390169,2023Q3
551,16-07-2023,West,25.702499800999114,77.87785585506592,24.85070016405173,151.75999321387354,1,481.8611803859055,2023Q3
552,23-07-2023,West,24.988914905366375,58.71347143970448,17.118247317261105,125.25935298001991,0,456.4504318190196,2023Q3
553,30-07-2023,West,34.864982726665005,64.36759170471674,68.99982516139801,153.21051650255723,0,472.76640968130476,2023Q3
554,06-08-2023,West,24.01605676786844,83.40546534083666,62.17842993486383,181.5827216831324,1,508.01339583134643,2023Q3
555,13-08-2023,West,20.87007879186185,50.28781218317175,78.70188320342076,113.34320291973194,0,430.35529289438347,2023Q3
556,20-08-2023,West,28.138404735310385,76.55969781,46.21840325488727,153.90520251653226,1,522.5248327455442,2023Q3
557,27-08-2023,West,31.477136432824423,79.95171593727267,27.285230699896623,154.2278987422877,0,487.8875905626193,2023Q3
558,03-09-2023,West,34.50199294197532,76.76837978977763,64.81531308126645,133.6766395004964,0,507.5405864628173,2023Q3
559,10-09-2023,West,34.586575806793874,44.19331584644931,77.20345723213978,151.30686442964804,0,457.92149328994924,2023Q3
560,17-09-2023,West,24.749296301989272,81.36242724006229,67.70130470567375,164.6495180624259,0,517.0662822858261,2023Q3
561,24-09-2023,West,31.62718429716905,65.70747044968044,-2.224414641,129.27353580180576,0,468.6561431291119,2023Q3
562,01-10-2023,West,24.645737906577807,98.67128630709585,14.390888579950666,155.05601818785425,0,497.0061774338386,2023Q4
563,08-10-2023,West,30.385723929415633,94.33289652324143,79.09575222497536,151.38934687305857,0,522.7400455098725,2023Q4
564,15-10-2023,West,21.65700370560902,85.88092794825818,36.83454707781019,161.88617571224128,0,469.7040868637876,2023Q4
565,22-10-2023,West,35.18323414709628,98.52338882670506,45.54622505103664,160.04009094435898,0,508.23944311067845,2023Q4
566,29-10-2023,West,31.838099201048554,72.22134129697415,23.524073010242056,130.13217379579973,0,491.5752078,2023Q4
567,05-11-2023,West,38.67415945613614,87.47548157259186,16.858283108772333,117.55939057676729,0,467.42586721344946,2023Q4
568,12-11-2023,West,31.157229612627862,79.69734306588656,38.20153976733634,134.39456312960505,0,482.28060926369466,2023Q4
569,19-11-2023,West,31.38361486294158,50.53735540026654,28.211649497474518,131.2838701558972,1,459.87764662631315,2023Q4
570,26-11-2023,West,30.39798931188018,78.31086656673861,27.08529112756328,145.02296369634317,0,512.3653998255544,2023Q4
571,03-12-2023,West,22.055907623398895,49.16637743456339,33.45069950660785,127.03002781080889,0,428.76495752747604,2023Q4
572,10-12-2023,West,37.092656725740184,32.68287015197381,71.99325885133838,135.8104390627802,0,431.10579099519816,2023Q4
573,17-12-2023,West,21.836986271563383,88.08934026856814,70.44390825334385,146.24897590189124,0,483.2536086491795,2023Q4
574,24-12-2023,West,31.083124877023096,54.61370974539584,70.81106116589886,157.38963157897467,0,489.3779401,2023Q4
575,31-12-2023,West,35.41670218955658,81.17545844,78.78891430306273,149.45227796503218,0,469.9813989,2023Q4
576,07-01-2024,West,28.19268616653007,76.24669057,50.12726982243844,133.41424554458888,0,473.5211650734386,2024Q1
577,14-01-2024,West,30.42642116746676,87.70736316959442,97.96119637346014,173.3063953103328,1,519.8720524407884,2024Q1
578,21-01-2024,West,29.98798079540573,61.160925223160405,31.70277621606356,149.44228774966615,0,494.6695900944295,2024Q1
579,28-01-2024,West,31.19414693093207,75.17613065418776,80.3772941,141.63120527482448,0,520.9795740226339,2024Q1
580,04-02-2024,West,23.170879222922807,67.76546035349054,65.73633600521543,173.9754097216928,0,483.82090747411917,2024Q1
581,11-02-2024,West,29.222171527390824,81.49294013761161,76.83950310742105,174.47002580032938,0,504.5251108989087,2024Q1
582,18-02-2024,West,28.578076751967455,93.85873108926776,71.06373328289658,159.08717985957634,0,523.9543014239622,2024Q1
583,25-02-2024,West,25.105928769594303,68.67933296235934,64.99488840952013,144.6178631164444,0,473.65333569189784,2024Q1
584,03-03-2024,West,32.29084057394349,55.30418163,35.787912192417195,109.49950804644673,0,448.6570042728773,2024Q1
585,10-03-2024,West,34.799783372168726,93.75215915874399,36.99458562211474,184.16748608284541,0,501.09506194572464,2024Q1
586,17-03-2024,West,32.00240693253164,71.96597779323773,58.160548959740645,129.68569223457834,0,455.90550204753583,2024Q1
587,24-03-2024,West,37.451897350964906,57.499396618068474,52.69531712946868,122.52251692603537,0,444.33312224768457,2024Q1
588,31-03-2024,West,40.825280339033014,87.85822891515394,64.25148061,172.18420452990182,0,494.95130682155786,2024Q1
589,07-04-2024,West,36.95366243795771,71.85876139513967,44.092901729628636,141.68353104396803,0,481.75444780632205,2024Q2
590,14-04-2024,West,29.63013568202811,68.86501593511255,99.16026171005669,133.47474117358263,0,517.5050351087777,2024Q2
591,21-04-2024,West,31.585734923552376,69.31208110946467,42.72474694780793,159.6283961200974,0,498.82666476050827,2024Q2
592,28-04-2024,West,30.977408657766453,68.51732198,67.57406804653301,109.78978332171653,0,478.8501745093708,2024Q2
593,05-05-2024,West,32.36331528038357,90.68743882296246,56.562235770167256,147.80752709752835,0,517.9966879184949,2024Q2
594,12-05-2024,West,39.95776651102367,57.51908042725215,46.482801822980235,135.85071922675937,0,443.4971413033735,2024Q2
595,19-05-2024,West,34.037223590041755,65.59891726236933,27.642831998859588,143.21563781317548,0,487.3933488096193,2024Q2
596,26-05-2024,West,31.262844229983116,90.76798071,64.56461401,174.8167575256157,0,501.7796622084329,2024Q2
597,02-06-2024,West,38.73369468754173,70.77675776798431,66.18310819871404,128.4643310966573,0,471.08731766087607,2024Q2
598,09-06-2024,West,23.55846191268231,74.39073223,56.45647282579017,139.27482220609718,0,452.5966642,2024Q2
599,16-06-2024,West,30.661363952487108,61.11235652180605,57.09271413920051,123.72983359681665,0,471.74602078327354,2024Q2
600,23-06-2024,West,27.611772086979975,51.17296942039908,48.652273172189425,126.90782479192778,0,425.17679329981195,2024Q2
601,30-06-2024,West,28.306543300390626,67.03346432941578,53.78222433207881,133.35809170828028,0,480.50209242880857,2024Q2
602,07-07-2024,West,38.47861438905433,98.45933042159668,51.928507762377265,174.96832642605398,1,541.9494332577802,2024Q3
603,14-07-2024,West,32.98198534558827,62.68010025689162,64.02618104449243,119.58121257549422,0,470.99058870984993,2024Q3
604,21-07-2024,West,34.88907775,38.415295872395134,69.52575799591315,153.90804049432285,0,423.2632859084029,2024Q3
605,28-07-2024,West,28.38281066227698,71.65584458661546,55.501186836228094,133.18928875161694,0,501.7325299911234,2024Q3
606,04-08-2024,West,28.364913411951143,66.79814830974342,54.24333627995477,136.2179907223478,0,460.85523568309196,2024Q3
607,11-08-2024,West,43.225183952075795,56.53762655249186,17.12512387,139.23456142625207,1,429.08496545528124,2024Q3
608,18-08-2024,West,27.49107903594234,49.41301678173849,48.97438259064235,133.58632533116696,0,453.5277774988456,2024Q3
609,25-08-2024,West,35.38950869726663,61.689170598808246,73.75329503163573,163.61046572330963,1,495.3582245260045,2024Q3
610,01-09-2024,West,26.02221466029559,76.36590906791518,66.73581313867108,118.27783457138084,0,479.67790901429015,2024Q3
611,08-09-2024,West,30.03105677810893,75.97673684286819,24.081888477272877,127.78881291612217,0,476.5519217360385,2024Q3
612,15-09-2024,West,27.09108983303973,52.39180053386541,36.33182724604584,164.48086078859515,0,492.46718723785057,2024Q3
613,22-09-2024,West,21.33727987822823,52.29574594265692,45.34384607058283,173.76524771757505,0,444.9610390408796,2024Q3
614,29-09-2024,West,33.39473493881116,57.81396477,39.019413183239266,134.30546380394475,0,439.6046105114291,2024Q3
615,06-10-2024,West,32.16874610443173,79.22262096,75.64601378978443,164.59471992259336,0,523.2840136981583,2024Q4
616,13-10-2024,West,24.442098752432244,69.46261631940305,29.661490798555178,117.14571493893072,0,427.65656825393245,2024Q4
617,20-10-2024,West,30.597784622992425,69.97395215086456,36.09207794213261,157.1143380206836,0,478.9475075103674,2024Q4
618,27-10-2024,West,33.20271467537387,71.84617302484271,38.88287869315309,124.2114167993646,0,483.4283034508072,2024Q4
619,03-11-2024,West,40.60284060215251,78.69128474348454,-8.446538687,137.08423335272443,0,446.8997029221452,2024Q4
620,10-11-2024,West,31.145373441028514,86.11477019073342,47.00168565385064,166.01798554755658,1,539.9471653,2024Q4
621,17-11-2024,West,27.80627039975853,72.16515200945041,59.90160412538997,139.47998577540156,0,476.01121490093755,2024Q4
622,24-11-2024,West,25.923121858419393,54.006476021511624,86.81478059302768,164.33628005918737,0,477.3106697853568,2024Q4
623,01-12-2024,West,31.000074255858742,47.66280373151308,47.23525363534783,122.49335257760505,1,441.1009301246349,2024Q4
624,08-12-2024,West,35.341896668470085,79.06181334382777,92.52672617,135.8445885591521,0,499.09926889337856,2024Q4
625,15-12-2024,West,30.994748482416547,79.74246047,40.328455487331695,143.7873832964889,0,500.5653218536929,2024Q4
626,22-12-2024,West,40.24906047892963,70.01024228436223,64.43723322807594,136.02907706278302,0,449.5055251873729,2024Q4
627,29-12-2024,West,21.536591922445314,78.39550708617134,53.75077568827925,165.0135582021885,0,474.4501408237079,2024Q4
